link,title,full_date,print_date,date_info,sort_date,end_date,month,location,town,short_location,postcode,council,council_abbr,location_search,category,info,name,root,event_icon,ppf,update_date
https://museum.wales//cardiff/whatson/11098/The-Rules-of-Art/,The Rules Of Art?,23 October 2021 – 4 June 2023,Sat 23 Oct 2021 – Sun 04 Jun,,2021-10-23,2023-06-04,,National Museum Cardiff,Cardiff,National Museum Cardiff,CF10 3NP,Cardiff,cff,National Museum Cardiff  Cardiff CF10 3NP,exhibition,Extra time at the exhibition!Come and enjoy the Rules of Art? exhibition until 9pm on the first Thur...,Museum Wales ,https://museum.wales/,./static/images/museum_wales_logo.png,-471,06 Feb 2023 07:58
https://museum.wales//stfagans/whatson/11550/Wales-isProud-/,Wales Is...Proud,15 July 2022 – 30 June 2023,Fri 15 Jul 2022 – Fri 30 Jun,,2022-07-15,2023-06-30,,St Fagans National Museum of History,St. Fagans,St. Fagans,CF5 6XB,Cardiff,cff,St. Fagans  National Museum of History  Cardiff CF5 6XB,exhibition,"Every summer, Pride marches and events are held across Wales to celebrate LGBTQ+ equality and visibi...",Museum Wales ,https://museum.wales/,./static/images/museum_wales_logo.png,-206,06 Feb 2023 07:58
https://museum.wales//cardiff/whatson/11568/Reframing-Picton/,Reframing Picton,1 August 2022 – 3 September 2023,Mon 01 Aug 2022 – Sun 03 Sep,,2022-08-01,2023-09-03,,National Museum Cardiff,Cardiff,National Museum Cardiff,CF10 3NP,Cardiff,cff,National Museum Cardiff  Cardiff CF10 3NP,exhibition,Who was Lieutenant-General Sir Thomas Picton? A war hero. A cruel tyrant. A symptom of the British E...,Museum Wales ,https://museum.wales/,./static/images/museum_wales_logo.png,-189,06 Feb 2023 07:58
https://museum.wales//swansea/whatson/11645/Dance-to-Health---The-Falls-Prevention-Dance-Programme/,Dance To Health - The Falls Prevention Dance Programme,19 August 2022 – 31 March 2023,Fri 19 Aug 2022 – Fri 31 Mar,,2022-08-19,2023-03-31,,National Waterfront Museum,Swansea,National Waterfront Museum,SA1 3RD ,Swansea,swa,National Waterfront Museum  Oystermouth Rd  Maritime Quarter  Swansea SA1 3RD ,event,"Dance to Health is a fun, sociable, and creative way for older people to participate in falls-preven...",Museum Wales ,https://museum.wales/,./static/images/museum_wales_logo.png,-171,06 Feb 2023 07:58
https://museum.wales//swansea/whatson/11706/Tip-Girls-/,Tip Girls,10 September 2022 – 5 March 2023,Sat 10 Sep 2022 – Sun 05 Mar,,2022-09-10,2023-03-05,,National Waterfront Museum,Swansea,National Waterfront Museum,SA1 3RD ,Swansea,swa,National Waterfront Museum  Oystermouth Rd  Maritime Quarter  Swansea SA1 3RD ,exhibition,This exhibition covers the topic of female workers in the Welsh coal industry. This is probably...,Museum Wales ,https://museum.wales/,./static/images/museum_wales_logo.png,-149,06 Feb 2023 07:58
https://museum.wales//swansea/whatson/11709/Kings-of-the-Underground/,Kings Of The Underground,5 October 2022 – 19 March 2023,Wed 05 Oct 2022 – Sun 19 Mar,,2022-10-05,2023-03-19,,National Waterfront Museum,Swansea,National Waterfront Museum,SA1 3RD ,Swansea,swa,National Waterfront Museum  Oystermouth Rd  Maritime Quarter  Swansea SA1 3RD ,exhibition,Vision Fountains Kings of The Underground captures the memories and physiognomies (facial features) ...,Museum Wales ,https://museum.wales/,./static/images/museum_wales_logo.png,-124,06 Feb 2023 07:58
https://museum.wales//stfagans/whatson/11774/Voices-of-The-Red-Wall/,Voices Of The Red Wall,19 November 2022 – 17 April 2023,Sat 19 Nov 2022 – Mon 17 Apr,,2022-11-19,2023-04-17,,St Fagans National Museum of History,St. Fagans,St. Fagans,CF5 6XB,Cardiff,cff,St. Fagans  National Museum of History  Cardiff CF5 6XB,exhibition,Supporters of our national football teams are called The Red Wall. Dressed in their bucket hats and ...,Museum Wales ,https://museum.wales/,./static/images/museum_wales_logo.png,-79,06 Feb 2023 07:58
https://museum.wales//bigpit/whatson/10228/From-Mine-to-Museum-Exhibition/,From Mine To Museum Exhibition,23 November 2022 – 1 December 2023,Wed 23 Nov 2022 – Fri 01 Dec,,2022-11-23,2023-12-01,,Big Pit National Coal Museum,Blaenavon,Big Pit,NP4 9XP,Torfaen,oth,Big Pit  National Coal Museum  Pontypool NP4 9XP,exhibition,"Big Pit celebrates its 40th Anniversary in 2023, and this exhibition traces its history as it transf...",Museum Wales ,https://museum.wales/,./static/images/museum_wales_logo.png,-75,06 Feb 2023 07:58
https://museum.wales//stfagans/whatson/11787/Wales-isremembering-Terrence-Higgins/,Wales Is...Remembering Terrence Higgins,1 December 2022 – 30 June 2023,Thu 01 Dec 2022 – Fri 30 Jun,,2022-12-01,2023-06-30,,St Fagans National Museum of History,St. Fagans,St. Fagans,CF5 6XB,Cardiff,cff,St. Fagans  National Museum of History  Cardiff CF5 6XB,exhibition,"Born in Pembrokeshire in 1945, Terrence Higgins was one of the first people in the UK to die of an A...",Museum Wales ,https://museum.wales/,./static/images/museum_wales_logo.png,-67,06 Feb 2023 07:58
https://museum.wales//cardiff/whatson/11771/BBC-100-in-Wales/,BBC 100 In Wales,"10 December 2022 – 16 April 2023, The exhibition will be open until 9pm on 2 February, 2 March and 6 April",Sat 10 Dec 2022 – Sun 16 Apr,,2022-12-10,2023-04-16,,National Museum Cardiff,Cardiff,National Museum Cardiff,CF10 3NP,Cardiff,cff,National Museum Cardiff  Cardiff CF10 3NP,exhibition,The making of Welsh broadcastingCome and explore 100 years of the history of the BBC in Wales with u...,Museum Wales ,https://museum.wales/,./static/images/museum_wales_logo.png,-58,06 Feb 2023 07:58
https://www.visitthevale.com/events/exhibitions-at-the-turner-house,Exhibitions At The Turner House,"January 5, 2023/June 4, 2023",Thu 05 Jan - Sun 04 Jun,,2023-01-05,2023-06-04,,"Turner House Plymouth Road, Penarth, CF64 3DH",Penarth,Turner House,CF64 3DH,Vale of Glamorgan,vog,Turner House  12 Plymouth Rd  Penarth CF64 3DH,exhibition,The Turner House is set to bring another year of quality art exhibitions to the heart of Penarth.,Visit the Vale,https://www.visitthevale.com,./static/images/visit_the_vale_logo.png,-32,06 Feb 2023 07:58
https://museum.wales//cardiff/whatson/11809/Mary-Anning-Rocks/,Mary Anning Rocks!,10 January–26 March 2023,Tue 10 Jan – Sun 26 Mar,,2023-01-10,2023-03-26,,National Museum Cardiff,Cardiff,National Museum Cardiff,CF10 3NP,Cardiff,cff,National Museum Cardiff  Cardiff CF10 3NP,exhibition,"To kick off the new year, a model – or maquette – of one of the most important palaeonto...",Museum Wales ,https://museum.wales/,./static/images/museum_wales_logo.png,-27,06 Feb 2023 07:58
https://museum.wales//cardiff/whatson/11839/Revealing-douard-Manets-Portrait-of-Monsieur-Jules-Dejouy/,Revealing ÉDouard Manet's Portrait Of Monsieur Jules Dejouy,17 January 2023 – 1 January 2025,Tue 17 Jan – Wed 01 Jan 2025,,2023-01-17,2025-01-01,,National Museum Cardiff,Cardiff,National Museum Cardiff,CF10 3NP,Cardiff,cff,National Museum Cardiff  Cardiff CF10 3NP,exhibition,"Édouard Manet's (1832-1883) Portrait de Monsieur Jules Dejouy (1879), was acquired by A...",Museum Wales ,https://museum.wales/,./static/images/museum_wales_logo.png,-20,06 Feb 2023 07:58
https://museum.wales//swansea/whatson/11845/Ghost-Ships-and-Tides/,Ghost Ships And Tides,28 January–4 June 2023,Sat 28 Jan – Sun 04 Jun,,2023-01-28,2023-06-04,,National Waterfront Museum,Swansea,National Waterfront Museum,SA1 3RD ,Swansea,swa,National Waterfront Museum  Oystermouth Rd  Maritime Quarter  Swansea SA1 3RD ,exhibition,Photographer Peter Britton has created amazing seascapes around the stories of the wreck on Tusker R...,Museum Wales ,https://museum.wales/,./static/images/museum_wales_logo.png,-9,06 Feb 2023 07:58
https://museum.wales//slate/whatson/11428/Introduction-to-Blacksmithing/,Introduction To Blacksmithing,"5 February, 5 March &  2 April 2023, 10:00-3pm","5 Feb, 5 Mar & 2 Apr",,2023-02-05,2023-04-02,,National Slate Museum,Llanddeiniolen,National Slate Museum,LL55 4TY,Gwynedd,out,National Slate Museum  Llanberis  Caernarfon LL55 4TY,course,Learn traditional metalwork skills on our heritage craft courses,Museum Wales ,https://museum.wales/,./static/images/museum_wales_logo.png,-1,06 Feb 2023 07:58
http://www.margamcountrypark.co.uk//2128?event_id=38466,Build A Birdbox,Fri 10 Feb 2023,Fri 10 Feb,,2023-02-10,2023-02-10,,"Margam Country Park, Margam, Port Talbot, SA13 2TJ ",Margam,Margam Country Park,SA13 2TJ,Neath Port Talbot,oth,Margam Country Park  Margam  Port Talbot  SA13 2TJ ,event,Build a bird box to celebrate National Nest Box Week. take one home with you.,Margam Park,http://www.margamcountrypark.co.uk/,./static/images/margam_logo.png,4,06 Feb 2023 07:58
https://museum.wales//swansea/whatson/11817/Museum-Little-Mice----Music/,Museum Little Mice  - Music,"10 February 2023, 10.30am - 12.30pm",Fri 10 Feb,,2023-02-10,2023-02-10,,National Waterfront Museum,Swansea,National Waterfront Museum,SA1 3RD ,Swansea,swa,National Waterfront Museum  Oystermouth Rd  Maritime Quarter  Swansea SA1 3RD ,event,"Join us for Free Music themed craft, Welsh songs and story time in our monthly Museum group for unde...",Museum Wales ,https://museum.wales/,./static/images/museum_wales_logo.png,4,06 Feb 2023 07:58
http://www.margamcountrypark.co.uk//2128?event_id=38450,Winter Fruit Pruning Workshop,Sat 11 Feb 2023,Sat 11 Feb,,2023-02-11,2023-02-11,,"Margam Country Park, Margam, Port Talbot, SA13 2TJ ",Margam,Margam Country Park,SA13 2TJ,Neath Port Talbot,oth,Margam Country Park  Margam  Port Talbot  SA13 2TJ ,event,Join us pruning the fruit trees in the Margam Country Park Community Orchard.,Margam Park,http://www.margamcountrypark.co.uk/,./static/images/margam_logo.png,5,06 Feb 2023 07:58
https://www.insolecourt.org/events/love-is-a-rebellious-bird,Love Is A Rebellious Bird,When: Saturday 11th February 2023 3pm - 4pm,Sat 11 Feb,,2023-02-11,2023-02-11,,"Insole Court, Fairwater Road, Llandaff, Cardiff CF5 2LN ",Llandaff,Insole Court,CF5 2LN,Cardiff,cff,Insole Court  Fairwater Road  Llandaff  Cardiff CF5 2LN ,event,"To celebrate the release of their new album Love is a rebellious Bird, oboist Catherine Tanner-Williams and pianist Christopher Williams present a concert of French music for oboe and piano, including brand new arrangements of arias from Carmen, the Oboe Sonata by Saint Saens, Ravel's sensual Piece en forme de Habanera , and solo piano pieces including Debussy's Clair de Lune. CDs will be available to purchase after the concertcatherinetannerwilliams.com christopherwilliamspiano.com",Insole Court,https://www.insolecourt.org/,./static/images/insole_court_logo.png,5,06 Feb 2023 07:58
https://www.insolecourt.org/events/layers-of-roath,Layers Of Roath,When: Saturday 11th February 2023 at 11:00 - 16:00,Sat 11 Feb,,2023-02-11,2023-02-11,,"Insole Court, Fairwater Road, Llandaff, Cardiff CF5 2LN ",Llandaff,Insole Court,CF5 2LN,Cardiff,cff,Insole Court  Fairwater Road  Llandaff  Cardiff CF5 2LN ,event,,Insole Court,https://www.insolecourt.org/,./static/images/insole_court_logo.png,5,06 Feb 2023 07:58
https://cadw.gov.wales/gnome-trail,Gnome Trail,Sat 11 Feb                             - Sun 26 Feb 2023,Sat 11 Feb - Sun 26 Feb,,2023-02-11,2023-02-26,,Raglan Castle,Raglan,Raglan Castle,NP15 2BT,Monmouthshire,oth,Raglan Castle  Castle Rd  Raglan NP15 2BT ,event,The castle gnomes are preparing for spring.   See how many of our mini eco-warriors you can find.  Could you be a mini eco-warrior too?  A packet of wildflower seeds for every child who completes the trail.,Cadw,https://cadw.gov.wales/ ,./static/images/cadw_logo.png,5,06 Feb 2023 07:58
https://cadw.gov.wales/valentines-card-making,Valentine's Card Making,Sat 11 Feb 2023,Sat 11 Feb,,2023-02-11,2023-02-11,,Chepstow Castle,Chepstow,Chepstow Castle,NP16 5EY,Monmouthshire,oth,Chepstow Castle  Bridge St  Chepstow NP16 5EY ,event,"Get ready for Valentine's Day by designing a Welsh lovespoon inspired card for that special person in your life. Discover the meanings behind the symbols traditionally used in lovespoons and add them to your card, or create your own meaningful  symbols to create a unique lovespoon illustration. There is no additional charge to take part in this craft activity.",Cadw,https://cadw.gov.wales/ ,./static/images/cadw_logo.png,5,06 Feb 2023 07:58
https://www.insolecourt.org/events/pop-up-cinema-much-ado-about-nothing,Pop Up Cinema: 'Much Ado About Nothing',"When: Saturday, 11th February, 7:30pm",Sat 11 Feb,,2023-02-11,2023-02-11,,"Insole Court, Fairwater Road, Llandaff, Cardiff CF5 2LN ",Llandaff,Insole Court,CF5 2LN,Cardiff,cff,Insole Court  Fairwater Road  Llandaff  Cardiff CF5 2LN ,event,"This is one of the most beloved adaptations of Shakespeare for the big screen (celebrating its 30th anniversary this year) and its amazing cast includes Emma Thompson, Denzel Washington, Keanu Reeves, Kate Beckinsale, Michael Keaton and Branagh himself.     Saturday 11th February Doors: 7:00pmFeature: 7:30pm Book now 110 minutes (no interval) / Certificate PG",Insole Court,https://www.insolecourt.org/,./static/images/insole_court_logo.png,5,06 Feb 2023 07:58
https://www.visitthevale.com/events/GoodMarketatGoodsheds,Good Market At Goodsheds,"February 11, 2023/February 11, 2023",Sat 11 Feb,,2023-02-11,2023-02-11,,"Barry, Goodsheds, Hood Road, Barry, CF62 5QU",Barry,Barry,CF62 5QU,Vale of Glamorgan,vog,Barry  Goodsheds  Hood Road  Barry  CF62 5QU,event,"The market stalls will be packed with local and independent businesses with mixture of products for you to shop, plus the area is completely undercover. *Free entry *Dog friendly 11th February / 9am - 1pm",Visit the Vale,https://www.visitthevale.com,./static/images/visit_the_vale_logo.png,5,06 Feb 2023 07:58
https://cadw.gov.wales/a-very-victorian-valentines,A Very Victorian Valentines,Sat 11 Feb 2023,Sat 11 Feb,,2023-02-11,2023-02-11,,Castell Coch,Cardiff,Castell Coch,CF15 7JS,Cardiff,cff,Castell Coch  Cardiff CF15 7JS ,event,"Join us this weekend in the castle of dreams and romance to prepare for Valentines Day, Tuesday 14th Feb 2023 Make a Valentines Card. Hear a Victorian Love story, and learn about the Victorian Secret language of Flowers. To the sound of Victorian music.",Cadw,https://cadw.gov.wales/ ,./static/images/cadw_logo.png,5,06 Feb 2023 07:58
https://museum.wales//swansea/whatson/11842/Sarah-Jones--My-life--Trans-and-the-Church-/,Sarah Jones – My Life – Trans And The Church,"11 February 2023, 1pm",Sat 11 Feb,,2023-02-11,2023-02-11,,National Waterfront Museum,Swansea,National Waterfront Museum,SA1 3RD ,Swansea,swa,National Waterfront Museum  Oystermouth Rd  Maritime Quarter  Swansea SA1 3RD ,event,Sarah Jones BiographySarah was the first person to be ordained in the Church of England having previ...,Museum Wales ,https://museum.wales/,./static/images/museum_wales_logo.png,5,06 Feb 2023 07:58
https://museum.wales//cardiff/whatson/11805/BBC-100-in-Wales-Through-the-Lens/,BBC 100 In Wales: Through The Lens,"11 February 2023, 10am - 4pm",Sat 11 Feb,,2023-02-11,2023-02-11,,National Museum Cardiff,Cardiff,National Museum Cardiff,CF10 3NP,Cardiff,cff,National Museum Cardiff  Cardiff CF10 3NP,event,Have you ever wondered how they make realistic-looking wounds on Casualty? Or what it's ...,Museum Wales ,https://museum.wales/,./static/images/museum_wales_logo.png,5,06 Feb 2023 07:58
https://museum.wales//swansea/whatson/11841/Sarah-Jones--Intro-to-Trans--QA/,Sarah Jones – Intro To Trans + Q+A,"11 February 2023, 11.30am",Sat 11 Feb,,2023-02-11,2023-02-11,,National Waterfront Museum,Swansea,National Waterfront Museum,SA1 3RD ,Swansea,swa,National Waterfront Museum  Oystermouth Rd  Maritime Quarter  Swansea SA1 3RD ,event,Sarah Jones BiographySarah was the first person to be ordained in the Church of England having previ...,Museum Wales ,https://museum.wales/,./static/images/museum_wales_logo.png,5,06 Feb 2023 07:58
https://museum.wales//swansea/whatson/11824/Sadies-Butterflies---Community-Day-/,Sadies Butterflies - Community Day,"11 February 2023, 10.30am - 4pm",Sat 11 Feb,,2023-02-11,2023-02-11,,National Waterfront Museum,Swansea,National Waterfront Museum,SA1 3RD ,Swansea,swa,National Waterfront Museum  Oystermouth Rd  Maritime Quarter  Swansea SA1 3RD ,event,"Join us to celebrate LGBTQ+ History Month for a day of learning about the trans community, celebrati...",Museum Wales ,https://museum.wales/,./static/images/museum_wales_logo.png,5,06 Feb 2023 07:58
https://museum.wales//swansea/whatson/11843/Deborah-Parry--My-life--Trans-in-the-Army/,Deborah Parry – My Life – Trans In The Army,"11 February 2023, 12.15pm",Sat 11 Feb,,2023-02-11,2023-02-11,,National Waterfront Museum,Swansea,National Waterfront Museum,SA1 3RD ,Swansea,swa,National Waterfront Museum  Oystermouth Rd  Maritime Quarter  Swansea SA1 3RD ,event,"WO2 Deborah Penny - BiographyWO2 Penny was born in Karachi West, Pakistan, and joined the army in Se...",Museum Wales ,https://museum.wales/,./static/images/museum_wales_logo.png,5,06 Feb 2023 07:58
https://museum.wales//whatson/digital/11773/Museum-Sleepover-Dino-Nights-AT-HOME/,Museum Sleepover: Dino Nights! At Home,"11 & 12 February 2023, 2pm - 10am",Sat 11 Feb & Sun 12 Feb,,2023-02-11,2023-02-12,,Digital Event,Digital Event,Digital Event,Digital Event,Digital Event,oth,Digital Event,digital_event,You're invited to a very special sleepover – experience a fun-filled night at the Museum...,Museum Wales ,https://museum.wales/,./static/images/museum_wales_logo.png,5,06 Feb 2023 07:58
https://cadw.gov.wales/valentines-day,Valentine's Day,Sun 12 Feb 2023,Sun 12 Feb,,2023-02-12,2023-02-12,,Caerphilly Castle,Caerphilly,Caerphilly Castle,CF83 1NZ,Caerphilly,oth,Caerphilly Castle  Castle Street  Caerphilly  Wales  CF83 1NZ,event,Come to Caerphilly Castle and enjoy a custodian led tour around the castle and talks about St Valentine as well as card making and craft activities.,Cadw,https://cadw.gov.wales/ ,./static/images/cadw_logo.png,6,06 Feb 2023 07:58
https://museum.wales//cardiff/whatson/11803/Hwyrnos-QUEER/,Hwyrnos: Queer,"17 February 2023, 19:00 - 23:30",Fri 17 Feb,,2023-02-17,2023-02-17,,National Museum Cardiff,Cardiff,National Museum Cardiff,CF10 3NP,Cardiff,cff,National Museum Cardiff  Cardiff CF10 3NP,event,"whats's on in Cardiff, what's on at museum wales, LGBTQ+ History month, celebration, education, Pride, events",Museum Wales ,https://museum.wales/,./static/images/museum_wales_logo.png,11,06 Feb 2023 07:58
https://www.eventbrite.co.uk/e/cafe-concert-performed-by-students-of-uwc-atlantic-tickets-512819867027,Café Concert - Performed By Students Of UWC Atlantic,"Fri, 17 February 2023, 16:00 – 17:00 GMT",Fri 17 Feb - Fri 26 May,,2023-02-17,2023-02-17,,"UWC Atlantic College St Donat's Castle, Saint Donats, CF61 1WF",St. Donats,Saint Donat's Castle,CF61 1WF,Vale of Glamorgan,vog,Saint Donat's Castle  UWC Atlantic College  CF61 1WF,event,"Join us at our Café Concert at St Donat's Art Centre, performed by our very own UWC Atlantic students!",UWC Atlantic College,https://www.uwcatlanticexperience.com/ ,./static/images/uwc_logo.png,11,06 Feb 2023 07:58
https://museum.wales//wool/whatson/11837/Vintage--Makers-Market/,Vintage & Makers Market,18 February 2023,Sat 18 Feb,,2023-02-18,2023-02-18,,National Wool Museum,Llangeler,National Wool Museum,SA44 5UP,Carmarthenshire,out,National Wool Museum  Dre-Fach Felindre  Felindre  Llandysul SA44 5UP,event,"A tempting mix of vintage and retro, plus crafts by local artisans in the fantastic Museum setting.&...",Museum Wales ,https://museum.wales/,./static/images/museum_wales_logo.png,12,06 Feb 2023 07:58
https://awenboxoffice.com/whats-on/louby-lous-pirate-trail/about,Louby Lou's Pirate Trail,Sat 18 Feb 2023,Sat 18 Feb,,2023-02-18,2023-02-18,,Bryngarw Country Park,Garw Valley,Bryngarw Country Park,CF32 8UU,Bridgend,brd,Bryngarw Country Park  Brynmenyn  Bridgend CF32 8UU,event,"Please note: Only children require tickets, but children must be accompanied by an adult. Age guide: 3 - 10, and all the family!  Argh me hearties! Pull up the anchor and set sail to Bryngarw Country Park. Our stinky pirates need a new crew to help search for their precious treasure, hidden somewhere in the park grounds. Help them find their way around this swashbuckling island, but watch out for crocodiles along the way! Shiver your timbers and join them for a fun filled, storytelling adventure...",Bryngarw Country Park ,https://awenboxoffice.com/,./static/images/awen_logo.ico,12,06 Feb 2023 07:58
https://www.visitthevale.com/events/the-vale-wand-erer-treasure-hunt,The Vale Wand-Erer Treasure Hunt,"February 18, 2023/February 26, 2023",Sat 18 Feb - Sun 26 Feb,,2023-02-18,2023-02-26,,Multiple locations,VoG (multiple locations),Vale of Glamorgan,CF10 5ET,Cardiff,cff,Vale of Glamorgan,event,"Search for Harry Potter's Wand across the Vale, this February Half Term!",Visit the Vale,https://www.visitthevale.com,./static/images/visit_the_vale_logo.png,12,06 Feb 2023 07:58
https://museum.wales//swansea/whatson/9436/Bonkers-Balloon-show/,Bonkers Balloon Show,"18 February 2023, 1pm & 2.30pm",Sat 18 Feb,,2023-02-18,2023-02-18,,National Waterfront Museum,Swansea,National Waterfront Museum,SA1 3RD ,Swansea,swa,National Waterfront Museum  Oystermouth Rd  Maritime Quarter  Swansea SA1 3RD ,event,CBeebies and Ha Ha Hairies' Becky Kitter hosts an interactive high energy show. The Bonke...,Museum Wales ,https://museum.wales/,./static/images/museum_wales_logo.png,12,06 Feb 2023 07:58
https://www.nationaltrust.org.uk/visit/wales/dyffryn-gardens/events/093f5787-5ce0-44f1-9052-b3ff265058cb,Y Mis Bach,Sat 18 Feb 2023,Sat 18 Feb *,check event for more dates,2023-02-18,2023-02-18,,"Dyffryn House, St Nicholas, CF5 6SU",St. Nicholas,Dyffryn House,CF5 6SU,Vale of Glamorgan,vog,Dyffryn House  St Nicholas  CF5 6SU,event,A little trail for a little month! Keep your eyes peeled for wooden tiles across the garden - they will help you find all the small things as you explore Dyffryn.,Dyffryn Gardens,https://www.nationaltrust.org.uk,./static/images/national_trust_logo.png,12,06 Feb 2023 07:58
https://museum.wales//cardiff/whatson/11790/The-Sea-Horizon/,The Sea Horizon,18 February–10 September 2023,Sat 18 Feb – Sun 10 Sep,,2023-02-18,2023-09-10,,National Museum Cardiff,Cardiff,National Museum Cardiff,CF10 3NP,Cardiff,cff,National Museum Cardiff  Cardiff CF10 3NP,exhibition,Views of Wales - from shore to shore The Sea Horizon is a new exhibition featuring photographs ...,Museum Wales ,https://museum.wales/,./static/images/museum_wales_logo.png,12,06 Feb 2023 07:58
https://museum.wales//stfagans/whatson/11827/South-Wales-Makers-Market-in-St-Fagans/,South Wales Makers Market In St Fagans,"18–25 February 2023, 10am - 5pm",Sat 18 Feb – Sat 25 Feb,,2023-02-18,2023-02-25,,St Fagans National Museum of History,St. Fagans,St. Fagans,CF5 6XB,Cardiff,cff,St. Fagans  National Museum of History  Cardiff CF5 6XB,event,St Fagans Makers Market showcases some exceptional local Welsh crafting talent. Stalls are varied an...,Museum Wales ,https://museum.wales/,./static/images/museum_wales_logo.png,12,06 Feb 2023 07:58
https://museum.wales//stfagans/whatson/10636/Traditional-Fairground/,Traditional Fairground,18–26 February 2023,Sat 18 Feb – Sun 26 Feb,,2023-02-18,2023-02-26,,St Fagans National Museum of History,St. Fagans,St. Fagans,CF5 6XB,Cardiff,cff,St. Fagans  National Museum of History  Cardiff CF5 6XB,event,Visit our Traditional Fairground and experience the magic of a bygone era - a ch...,Museum Wales ,https://museum.wales/,./static/images/museum_wales_logo.png,12,06 Feb 2023 07:58
https://museum.wales//swansea/whatson/11823/Half-Term-Movie-Up-U-2009/,"Half Term Movie: Up (U, 2009)","19 February 2023, 2.30pm",Sun 19 Feb,,2023-02-19,2023-02-19,,National Waterfront Museum,Swansea,National Waterfront Museum,SA1 3RD ,Swansea,swa,National Waterfront Museum  Oystermouth Rd  Maritime Quarter  Swansea SA1 3RD ,event,"Enjoy a free, family film. 78-year-old Carl Fredricksen travels to Paradise Falls in his house ...",Museum Wales ,https://museum.wales/,./static/images/museum_wales_logo.png,13,06 Feb 2023 07:58
http://www.margamcountrypark.co.uk//2128?event_id=36884,Wildlife Masks Day 'Fun With The Friends Of Margam Park',Mon 20 Feb 2023,Mon 20 Feb,,2023-02-20,2023-02-20,,"Margam Country Park, Margam, Port Talbot, SA13 2TJ ",Margam,Margam Country Park,SA13 2TJ,Neath Port Talbot,oth,Margam Country Park  Margam  Port Talbot  SA13 2TJ ,event,MASK DAY - COME ALONG AND FIND OUT ABOUT THE PARKS WILDLIFE,Margam Park,http://www.margamcountrypark.co.uk/,./static/images/margam_logo.png,14,06 Feb 2023 07:58
https://museum.wales//swansea/whatson/9983/3-Cool-Things-to-make-with-a-Balloon/,3 Cool Things To Make With A Balloon!,"20–23 February 2023, 12.30pm – 3.30pm",Mon 20 Feb – Thu 23 Feb,,2023-02-20,2023-02-23,,National Waterfront Museum,Swansea,National Waterfront Museum,SA1 3RD ,Swansea,swa,National Waterfront Museum  Oystermouth Rd  Maritime Quarter  Swansea SA1 3RD ,event,"Stretch it, inflate it, pop it! –celebrate the humble balloon by making 3 cool crafts includin...",Museum Wales ,https://museum.wales/,./static/images/museum_wales_logo.png,14,06 Feb 2023 07:58
https://museum.wales//bigpit/whatson/11846/Butty-Bear/,Butty Bear,"20–24 February 2023, 11.30am & 2pm",Mon 20 Feb – Fri 24 Feb,,2023-02-20,2023-02-24,,Big Pit National Coal Museum,Blaenavon,Big Pit,NP4 9XP,Torfaen,oth,Big Pit  National Coal Museum  Pontypool NP4 9XP,event,Pop over this half term and meet Butty Bear – Big Pit's best friend and our special guid...,Museum Wales ,https://museum.wales/,./static/images/museum_wales_logo.png,14,06 Feb 2023 07:58
https://museum.wales//roman/whatson/11832/Roman-Army-Week/,Roman Army Week,"20–24 February 2023, 10.30am-11.30am, 12pm-1pm, 1.30pm-2.30pm & 3pm-4pm",Mon 20 Feb – Fri 24 Feb,,2023-02-20,2023-02-24,,National Roman Legion Museum,Caerleon,National Roman Legion Museum,NP18 1AE,Newport,oth,National Roman Legion Museum  High St  Caerleon  Newport NP18 1AE,event,"Come along and join our very own Second Augustan LegionMeet our Centurion, take a look at some armou...",Museum Wales ,https://museum.wales/,./static/images/museum_wales_logo.png,14,06 Feb 2023 07:58
https://awenboxoffice.com/whats-on/bird-box-building/about,Bird Box Building,Mon 20 Feb 2023 - Wed 22 Feb 2023,Mon 20 Feb - Wed 22 Feb,,2023-02-20,2023-02-22,,Bryngarw Country Park,Garw Valley,Bryngarw Country Park,CF32 8UU,Bridgend,brd,Bryngarw Country Park  Brynmenyn  Bridgend CF32 8UU,event,"Back by popular demand, join our Rangers this February half term and build your own bird box! A bird box is a fantastic way to attract birds to your garden, giving them a helping hand by providing them with somewhere to nest, and giving you a special view into the lives of our feathered friends.  This activity is set to take place in our Y Nyth Education Centre on Monday 20th and Wednesday 22nd February. Slots are scheduled every 10 minutes between 11am to 3pm. One session equals one birdbox - i...",Bryngarw Country Park ,https://awenboxoffice.com/,./static/images/awen_logo.ico,14,06 Feb 2023 07:58
https://www.visitthevale.com/events/february-half-term-events-at-amelia-trust-farm,February Half Term Events At Amelia Trust Farm,"February 20, 2023/February 23, 2023",Mon 20 Feb - Thu 23 Feb,,2023-02-20,2023-02-23,,"Amelia Trust Farm, Five Mile Lane, Barry, CF62 3AS",Llancarfan,Amelia Trust Farm,CF62 3AS,Vale of Glamorgan,vog,Amelia Trust Farm  Five Mile Lane  Barry  CF62 3AS,event,"Mr Marvel's Marvellous Magic Show, Be a Farmer and Teddy Bear Time!",Visit the Vale,https://www.visitthevale.com,./static/images/visit_the_vale_logo.png,14,06 Feb 2023 07:58
https://museum.wales//bigpit/whatson/11847/Badge-Making/,Badge Making,"21 February 2023, 10am-4pm",Tue 21 Feb,,2023-02-21,2023-02-21,,Big Pit National Coal Museum,Blaenavon,Big Pit,NP4 9XP,Torfaen,oth,Big Pit  National Coal Museum  Pontypool NP4 9XP,event,Join us in the Playlab as we prepare for St David's Day! Come along and make a leek or da...,Museum Wales ,https://museum.wales/,./static/images/museum_wales_logo.png,15,06 Feb 2023 07:58
http://www.margamcountrypark.co.uk//2128?event_id=36885,Mindfulness Art And Soft Play Yoga With Chi Education,Tue 21 Feb 2023,Tue 21 Feb,,2023-02-21,2023-02-21,,"Margam Country Park, Margam, Port Talbot, SA13 2TJ ",Margam,Margam Country Park,SA13 2TJ,Neath Port Talbot,oth,Margam Country Park  Margam  Port Talbot  SA13 2TJ ,event,Come along and learn about Mindfulness Art and soft play yoga with CHI Education.,Margam Park,http://www.margamcountrypark.co.uk/,./static/images/margam_logo.png,15,06 Feb 2023 07:58
https://www.visitthevale.com/events/nature-tales-after-school-club,Nature Tales!,"February 21, 2023/March 17, 2023",Tue 21 Feb - Fri 17 Mar,,2023-02-21,2023-03-17,,"West House Community Garden, Penarth, CF64 2YG",Penarth,West House Community Garden,CF64 2YG,Vale of Glamorgan,vog,West House Community Garden  Penarth  CF64 2YG,event,"Nature Tales is a special 4 part series of events run by Green Squirrel for Penarth In Bloom. Come along and listen to fantastical stories about the world around you, learn new skills, and experience nature in amazing new ways.",Visit the Vale,https://www.visitthevale.com,./static/images/visit_the_vale_logo.png,15,06 Feb 2023 07:58
http://www.margamcountrypark.co.uk//2128?event_id=36886,Wildlife And Animals Pottery Crafts With Kidzfun,Wed 22 Feb 2023,Wed 22 Feb,,2023-02-22,2023-02-22,,"Margam Country Park, Margam, Port Talbot, SA13 2TJ ",Margam,Margam Country Park,SA13 2TJ,Neath Port Talbot,oth,Margam Country Park  Margam  Port Talbot  SA13 2TJ ,course,Wildlife and Animal Pottery Crafts with Kidzfun,Margam Park,http://www.margamcountrypark.co.uk/,./static/images/margam_logo.png,16,06 Feb 2023 07:58
https://museum.wales//cardiff/whatson/11806/After-Dark-Science-on-Show/,After Dark: Science On Show,"22 February 2023, 6-9pm",Wed 22 Feb,,2023-02-22,2023-02-22,,National Museum Cardiff,Cardiff,National Museum Cardiff,CF10 3NP,Cardiff,cff,National Museum Cardiff  Cardiff CF10 3NP,event,After Dark: Science on Show is a free hands-on science evening suitable for all the family. Boo...,Museum Wales ,https://museum.wales/,./static/images/museum_wales_logo.png,16,06 Feb 2023 07:58
https://www.wmc.org.uk/en/whats-on/2023/grandmothers-closet,Grandmother's Closet,23 – 26 February 2023,Thu 23 Feb – Sun 26 Feb,,2023-02-23,2023-02-26,,"Wales Millennium Centre, Bute Place, Cardiff, CF10 5AL",Cardiff,Wales Millennium Centre,CF10 5AL,Cardiff,cff,Wales Millennium Centre  Bute Place  Cardiff  CF10 5AL,performance,"An autobiographical musical adventure that promises mischief and mashups, dresses and divas, and a whole lot of heart.“I'm not just your Nan. I'm your friend too.”Growing up in a close-knit south Wales community, Luke Hereford relied on his Nan as a personal cheerleader to guide him through his queer childhood.",Wales Millenium Centre,https://www.wmc.org.uk,./static/images/wmc_logo.png,17,06 Feb 2023 07:58
http://www.margamcountrypark.co.uk//2128?event_id=37466,"Goldilocks & The Magic Porridge Pot, Interactive Storying Telling With Louby Lou",Thu 23 Feb 2023,Thu 23 Feb,,2023-02-23,2023-02-23,,"Margam Country Park, Margam, Port Talbot, SA13 2TJ ",Margam,Margam Country Park,SA13 2TJ,Neath Port Talbot,oth,Margam Country Park  Margam  Port Talbot  SA13 2TJ ,event,An interactive pop up story that tells the tale of this cheeky porridge thief with a Louby Lou twist.,Margam Park,http://www.margamcountrypark.co.uk/,./static/images/margam_logo.png,17,06 Feb 2023 07:58
https://www.wmc.org.uk/en/whats-on/2023/welsh-national-opera-blaze-of-glory,Welsh National Opera: Blaze Of Glory!,"23 February, 10, 14 + 18 March 2023","23 Feb, 10, 14 + 18 Mar",,2023-02-23,2023-03-18,,"Wales Millennium Centre, Bute Place, Cardiff, CF10 5AL",Cardiff,Wales Millennium Centre,CF10 5AL,Cardiff,cff,Wales Millennium Centre  Bute Place  Cardiff  CF10 5AL,performance,"Cymru, coal and choral singingSet in a 1950s Welsh Valleys' community, Blaze of Glory! follows the fortunes of a small group of miners who embark upon a musical escapade by reforming their male voice choir to raise spirits following a mining disaster.Led by their heroic chorus master and supported by the strong-willed women who stand by them, the men embark on a series of adventures. They kidnap a yodeller, take part in the historic trans-Atlantic link-up with Paul Robeson, and blaze a trail to ...",Wales Millenium Centre,https://www.wmc.org.uk,./static/images/wmc_logo.png,17,06 Feb 2023 07:58
http://www.margamcountrypark.co.uk//2128?event_id=36888,St David's Day Crafts With The Friends Of Margam Park,Fri 24 Feb 2023,Fri 24 Feb,,2023-02-24,2023-02-24,,"Margam Country Park, Margam, Port Talbot, SA13 2TJ ",Margam,Margam Country Park,SA13 2TJ,Neath Port Talbot,oth,Margam Country Park  Margam  Port Talbot  SA13 2TJ ,event,"Get ready for our National Day with flag making, dress a welsh doll, make a St David's Day card, make a dragon card and and more.",Margam Park,http://www.margamcountrypark.co.uk/,./static/images/margam_logo.png,18,06 Feb 2023 07:58
https://museum.wales//swansea/whatson/11831/St-Davids-Make-and-Take-Dragon-Dress-up/,St David's Make And Take: Dragon Dress Up,"24–26 February 2023, 12.30pm - 3.30pm",Fri 24 Feb – Sun 26 Feb,,2023-02-24,2023-02-26,,National Waterfront Museum,Swansea,National Waterfront Museum,SA1 3RD ,Swansea,swa,National Waterfront Museum  Oystermouth Rd  Maritime Quarter  Swansea SA1 3RD ,event,Drop in to make an impressive Dragon Headdress to celebrate St David's Day.,Museum Wales ,https://museum.wales/,./static/images/museum_wales_logo.png,18,06 Feb 2023 07:58
https://cadw.gov.wales/st-davids-day,St David's Day,Sat 25 Feb 2023,Sat 25 Feb,,2023-02-25,2023-02-25,,Caerphilly Castle,Caerphilly,Caerphilly Castle,CF83 1NZ,Caerphilly,oth,Caerphilly Castle  Castle Street  Caerphilly  Wales  CF83 1NZ,event,Come to Caerphilly Castle and enjoy a custodian led tour around the castle and talks about St David plus card making and craft activities.,Cadw,https://cadw.gov.wales/ ,./static/images/cadw_logo.png,19,06 Feb 2023 07:58
https://cadw.gov.wales/coch-celebrates-st-david,Coch Celebrates St David,Sat 25 Feb 2023,Sat 25 Feb,,2023-02-25,2023-02-25,,Castell Coch,Cardiff,Castell Coch,CF15 7JS,Cardiff,cff,Castell Coch  Cardiff CF15 7JS ,course,"Craft & Storytelling event, preparing to celebrate St Davids Day on 1st March. Colour in a St Davids Flag and Dragon – Exhibition room. Make a Daffodil - Kitchen Listen to the story of St David – Hunt Room Live Welsh Folk Music – Drawing Room",Cadw,https://cadw.gov.wales/ ,./static/images/cadw_logo.png,19,06 Feb 2023 07:58
http://www.margamcountrypark.co.uk//2128?event_id=36889,Crafty Fun Day With Kidzfun,Sat 25 Feb 2023,Sat 25 Feb,,2023-02-25,2023-02-25,,"Margam Country Park, Margam, Port Talbot, SA13 2TJ ",Margam,Margam Country Park,SA13 2TJ,Neath Port Talbot,oth,Margam Country Park  Margam  Port Talbot  SA13 2TJ ,event,Pottery painting and sand art prices from £4 Glitter tattoos from £3.50   Come along to the Castle between 11:00-3:00,Margam Park,http://www.margamcountrypark.co.uk/,./static/images/margam_logo.png,19,06 Feb 2023 07:58
https://museum.wales//swansea/whatson/9922/Come-to-Sing--Learn-the-National-Anthem/,Come To Sing! – Learn The National Anthem,"25 February 2023, 11am",Sat 25 Feb,,2023-02-25,2023-02-25,,National Waterfront Museum,Swansea,National Waterfront Museum,SA1 3RD ,Swansea,swa,National Waterfront Museum  Oystermouth Rd  Maritime Quarter  Swansea SA1 3RD ,event,Back by popular demand...A special St David's Day session for those who want to join in Hen Wlad Fy ...,Museum Wales ,https://museum.wales/,./static/images/museum_wales_logo.png,19,06 Feb 2023 07:58
https://museum.wales//swansea/whatson/8686/St-Davids-Day-Party/,St David's Day Party,"26 February 2023, 12pm-4pm",Sun 26 Feb,,2023-02-26,2023-02-26,,National Waterfront Museum,Swansea,National Waterfront Museum,SA1 3RD ,Swansea,swa,National Waterfront Museum  Oystermouth Rd  Maritime Quarter  Swansea SA1 3RD ,event,"From choirs and crafts to dragons and daffodils, experience the perfect way to celebrate Welsh cultu...",Museum Wales ,https://museum.wales/,./static/images/museum_wales_logo.png,20,06 Feb 2023 07:58
https://museum.wales//swansea/whatson/11833/Chwedl-Dr--The-Fairytale-of-Water/,Chwedl DŵR / The Fairytale Of Water,"26 February 2023, 12.30pm",Sun 26 Feb,,2023-02-26,2023-02-26,,National Waterfront Museum,Swansea,National Waterfront Museum,SA1 3RD ,Swansea,swa,National Waterfront Museum  Oystermouth Rd  Maritime Quarter  Swansea SA1 3RD ,event,Beneath the west Welsh waters are stories - flood myths - that tell of a time when you could walk ac...,Museum Wales ,https://museum.wales/,./static/images/museum_wales_logo.png,20,06 Feb 2023 07:58
http://www.margamcountrypark.co.uk//2128?event_id=38467,St David's Day Celebrations,Wed 01 Mar 2023,Wed 01 Mar,,2023-03-01,2023-03-01,March,"Margam Country Park, Margam, Port Talbot, SA13 2TJ ",Margam,Margam Country Park,SA13 2TJ,Neath Port Talbot,oth,Margam Country Park  Margam  Port Talbot  SA13 2TJ ,course,With Welsh Crafts and Folklore,Margam Park,http://www.margamcountrypark.co.uk/,./static/images/margam_logo.png,23,06 Feb 2023 07:58
https://museum.wales//stfagans/whatson/11123/Lambing-at-Llwyn-yr-eos/,Lambing At Llwyn-Yr-Eos,"1–24 March 2023, 10am - 5pm",Wed 01 Mar – Fri 24 Mar,,2023-03-01,2023-03-24,,St Fagans National Museum of History,St. Fagans,St. Fagans,CF5 6XB,Cardiff,cff,St. Fagans  National Museum of History  Cardiff CF5 6XB,event,See all the lambing action live in our lambing shed at the Museum farm.,Museum Wales ,https://museum.wales/,./static/images/museum_wales_logo.png,23,06 Feb 2023 07:58
https://www.visitthevale.com/events/st-davids-day-in-penarth,St David's Day In Penarth,"March 1, 2023/March 1, 2023",Wed 01 Mar,,2023-03-01,2023-03-01,,Penarth Town Centre,Penarth,Penarth Town Centre,CF11 0SD,Vale of Glamorgan,vog,Penarth Town Centre  CF11 0SD,event,"Join in the pop up celebrations along Windsor Rd and Station Approach, Penarth to celebrate St David's Day!",Visit the Vale,https://www.visitthevale.com,./static/images/visit_the_vale_logo.png,23,06 Feb 2023 07:58
https://www.visitthevale.com/events/walk-and-explore-wales-with-chris-the-weatherman,St David's Day Walk With Chris The Weatherman,"March 1, 2023/March 1, 2023",Wed 01 Mar,,2023-03-01,2023-03-01,,"Rivermouth car park, Ogmore-by-Sea, CF32 0PB",Ogmore-by-Sea,Rivermouth car park,CF32 0PB,Vale of Glamorgan,vog,Rivermouth car park  Ogmore-by-Sea  CF32 0PB,event,A guided walk around Ogmore By Sea to celebrate St David's day.,Visit the Vale,https://www.visitthevale.com,./static/images/visit_the_vale_logo.png,23,06 Feb 2023 07:58
https://www.wmc.org.uk/en/whats-on/2023/welsh-national-opera-the-magic-flute,Welsh National Opera: The Magic Flute,"5, 11, 15, 16 + 17 March 2023","5, 11, 15, 16 + 17 Mar",,2023-03-05,2023-03-17,,"Wales Millennium Centre, Bute Place, Cardiff, CF10 5AL",Cardiff,Wales Millennium Centre,CF10 5AL,Cardiff,cff,Wales Millennium Centre  Bute Place  Cardiff  CF10 5AL,performance,"The quest for truth and discoveryStep into a land of mystery, magic and adventure. With a magic flute and a set of magic bells for protection Tamino sets off on his quest to save Pamina from the grip of an evil enchanter, accompanied by his sidekick the endearing Bird Catcher. Along the way he encounters unforgettable characters – from the mysterious Queen of the Night to animals that can be tamed by music. But as he overcomes a series of challenges, all is not what it seems…The Magic Flute is a...",Wales Millenium Centre,https://www.wmc.org.uk,./static/images/wmc_logo.png,27,06 Feb 2023 07:58
https://museum.wales//stfagans/whatson/9867/Lambing-Day-Courses/,Lambing Day Courses,"6, 9, 11 &  13 March 2023, 8.30am-4pm","6, 9, 11 & 13 Mar",,2023-03-06,2023-03-13,,St Fagans National Museum of History,St. Fagans,St. Fagans,CF5 6XB,Cardiff,cff,St. Fagans  National Museum of History  Cardiff CF5 6XB,course,"Experience the magic of a full day in the Museum's lambing shed - learn how to care for pregnant sheep, recognise labour and deal with common problems",Museum Wales ,https://museum.wales/,./static/images/museum_wales_logo.png,28,06 Feb 2023 07:58
https://museum.wales//whatson/digital/11810/Lambcam-2023/,Lambcam 2023,"6–19 March 2023, 8am-8pm (GMT)",Mon 06 Mar – Sun 19 Mar,,2023-03-06,2023-03-19,,Digital Event,Digital Event,Digital Event,Digital Event,Digital Event,oth,Digital Event,digital_event,Follow all the action from the lambing shed every day on this live webstream.,Museum Wales ,https://museum.wales/,./static/images/museum_wales_logo.png,28,06 Feb 2023 07:58
https://museum.wales//whatson/digital/11836/Museum-Talks-International-Womens-Day---Mary-Anning-Rocks/,Museum Talks: International Women's Day - Mary Anning Rocks!,"8 March 2023, 6pm",Wed 08 Mar,,2023-03-08,2023-03-08,,Digital Event,Digital Event,Digital Event,Digital Event,Digital Event,oth,Digital Event,digital_event,For International Women's Day we are celebrating the life of the palaeontologist Mary Anning (...,Museum Wales ,https://museum.wales/,./static/images/museum_wales_logo.png,30,06 Feb 2023 07:58
https://museum.wales//cardiff/whatson/11838/Museum-Talks-ONLINE-International-Womens-Day---Mary-Anning-Rocks/,Museum Talks Online: International Women's Day - Mary Anning Rocks!,"8 March 2023, 6pm",Wed 08 Mar,,2023-03-08,2023-03-08,,National Museum Cardiff,Cardiff,National Museum Cardiff,CF10 3NP,Cardiff,cff,National Museum Cardiff  Cardiff CF10 3NP,event,For International Women's Day we are celebrating the life of the palaeontologist Mary Anning (...,Museum Wales ,https://museum.wales/,./static/images/museum_wales_logo.png,30,06 Feb 2023 07:58
https://museum.wales//swansea/whatson/11818/Museum-Little-Mice----Cymru/,Museum Little Mice  - Cymru,"10 March 2023, 10.30am - 12.30pm",Fri 10 Mar,,2023-03-10,2023-03-10,,National Waterfront Museum,Swansea,National Waterfront Museum,SA1 3RD ,Swansea,swa,National Waterfront Museum  Oystermouth Rd  Maritime Quarter  Swansea SA1 3RD ,event,"Join us for Free Welsh themed crafts, Welsh songs and story time and a chance to sing along with Sia...",Museum Wales ,https://museum.wales/,./static/images/museum_wales_logo.png,32,06 Feb 2023 07:58
https://museum.wales//stfagans/whatson/11656/Decal-decoration-on-Ceramics-/,Decal Decoration On Ceramics,"11 March 2023, 10:30 & 1.30pm",Sat 11 Mar,,2023-03-11,2023-03-11,,St Fagans National Museum of History,St. Fagans,St. Fagans,CF5 6XB,Cardiff,cff,St. Fagans  National Museum of History  Cardiff CF5 6XB,course,This half day course is a chance to learn the art of decal decoration on ceramics. Working und...,Museum Wales ,https://museum.wales/,./static/images/museum_wales_logo.png,33,06 Feb 2023 07:58
https://museum.wales//swansea/whatson/11840/Waterfront-Vintage-and-Makers-Market/,Waterfront Vintage And Makers Market,"11 & 12 March 2023, 10am - 4pm",Sat 11 Mar & Sun 12 Mar,,2023-03-11,2023-03-12,,National Waterfront Museum,Swansea,National Waterfront Museum,SA1 3RD ,Swansea,swa,National Waterfront Museum  Oystermouth Rd  Maritime Quarter  Swansea SA1 3RD ,event,An exciting mix of vintage delights and artisan stalls set inside the National Waterfront Museum.Wit...,Museum Wales ,https://museum.wales/,./static/images/museum_wales_logo.png,33,06 Feb 2023 07:58
http://www.margamcountrypark.co.uk//2128?event_id=38454,2023 Parc Margam 10K,Sun 12 Mar 2023,Sun 12 Mar,,2023-03-12,2023-03-12,,"Margam Country Park, Margam, Port Talbot, SA13 2TJ ",Margam,Margam Country Park,SA13 2TJ,Neath Port Talbot,oth,Margam Country Park  Margam  Port Talbot  SA13 2TJ ,event,A breath-taking challenge in breath-taking surroundings...,Margam Park,http://www.margamcountrypark.co.uk/,./static/images/margam_logo.png,34,06 Feb 2023 07:58
https://museum.wales//swansea/whatson/11065/Come-to-Sing/,Come To Sing!,"18 March 2023, 11 am",Sat 18 Mar,,2023-03-18,2023-03-18,,National Waterfront Museum,Swansea,National Waterfront Museum,SA1 3RD ,Swansea,swa,National Waterfront Museum  Oystermouth Rd  Maritime Quarter  Swansea SA1 3RD ,event,A warm welcome to Welsh speakers and learners to join musician Delyth Jenkins and learn Welsh throug...,Museum Wales ,https://museum.wales/,./static/images/museum_wales_logo.png,40,06 Feb 2023 07:58
https://cadw.gov.wales/a-mothers-day-treat,A Mother's Day Treat,Sat 18 Mar 2023,Sat 18 Mar,,2023-03-18,2023-03-18,,Castell Coch,Cardiff,Castell Coch,CF15 7JS,Cardiff,cff,Castell Coch  Cardiff CF15 7JS ,event,"Visitors will be given information about the secret language of flowers, and a picture quiz sheet to help them find secret flower messages in the castle's decorated rooms. Visitors will also be able to make a card/tea cup posy/paper flowers for a loved one, using Victorian flower images to convey their secret sentiments through the language of flowers. Small charge for card making activity to cover material costs.",Cadw,https://cadw.gov.wales/ ,./static/images/cadw_logo.png,40,06 Feb 2023 07:58
https://museum.wales//swansea/whatson/8816/Super-Science-Sunday/,Super Science Sunday,"19 March 2023, 12pm-4pm",Sun 19 Mar,,2023-03-19,2023-03-19,,National Waterfront Museum,Swansea,National Waterfront Museum,SA1 3RD ,Swansea,swa,National Waterfront Museum  Oystermouth Rd  Maritime Quarter  Swansea SA1 3RD ,event,"British Science Week Special!Back by popular demand, this is a packed afternoon of inspiring demonst...",Museum Wales ,https://museum.wales/,./static/images/museum_wales_logo.png,41,06 Feb 2023 07:58
https://www.wmc.org.uk/en/whats-on/2023/rambert-peaky-blinders,Rambert Dance In Peaky Blinders: The Redemption Of Thomas Shelby,21 – 25 March 2023,Tue 21 Mar – Sat 25 Mar,,2023-03-21,2023-03-25,,"Wales Millennium Centre, Bute Place, Cardiff, CF10 5AL",Cardiff,Wales Millennium Centre,CF10 5AL,Cardiff,cff,Wales Millennium Centre  Bute Place  Cardiff  CF10 5AL,performance,"Following its London premier and sell-out performances in Birmingham, ‘The most immersive and intoxicating way to experience Knight's now timeless story' (NME) is on its way to take over the UK. Long-time fans of the TV show and audiences coming fresh to Peaky have been united in their enthusiasm for the ‘vigorous and vibrant performances from the entire cast' (The Times) where ‘you can never quite tell whether you're at a dance show or a grungy rock gig' (The Telegraph).",Wales Millenium Centre,https://www.wmc.org.uk,./static/images/wmc_logo.png,43,06 Feb 2023 07:58
https://museum.wales//whatson/digital/11275/Open-Meeting-of-the-Board-of-Trustees/,Open Meeting Of The Board Of Trustees,"23 March–14 December 2023, 10.30am - 1pm",Thu 23 Mar – Thu 14 Dec,,2023-03-23,2023-12-14,,Digital Event,Digital Event,Digital Event,Digital Event,Digital Event,oth,Digital Event,digital_event,Members of the public who are interested in the work of Amgueddfa Cymru – National Museum Wale...,Museum Wales ,https://museum.wales/,./static/images/museum_wales_logo.png,45,06 Feb 2023 07:58
https://museum.wales//stfagans/whatson/11671/Introduction-to-Leatherwork/,Introduction To Leatherwork,"25 March &  20 May 2023, 10:30 - 4pm",Sat 25 Mar & Sat 20 May,,2023-03-25,2023-05-20,,St Fagans National Museum of History,St. Fagans,St. Fagans,CF5 6XB,Cardiff,cff,St. Fagans  National Museum of History  Cardiff CF5 6XB,course,These one day courses are a chance to try your hand at leatherworking in the inspirational setting o...,Museum Wales ,https://museum.wales/,./static/images/museum_wales_logo.png,47,06 Feb 2023 07:58
https://www.wmc.org.uk/en/whats-on/2023/mother-goose,Mother Goose,28 March – 1 April 2023,Tue 28 Mar – Sat 01 Apr,,2023-03-28,2023-04-01,,"Wales Millennium Centre, Bute Place, Cardiff, CF10 5AL",Cardiff,Wales Millennium Centre,CF10 5AL,Cardiff,cff,Wales Millennium Centre  Bute Place  Cardiff  CF10 5AL,performance,"Ian McKellen and John Bishop are coming to Wales Millennium Centre – with a hilarious comedy for all ages that critics have described as “a total hoot” (★★★★★, Broadway World), “a solid gold hit” (★★★★★, The Stage) and absolutely “glorious” (★★★★★, Daily Telegraph).",Wales Millenium Centre,https://www.wmc.org.uk,./static/images/wmc_logo.png,50,06 Feb 2023 07:58
http://www.margamcountrypark.co.uk//2128?event_id=38468,Identifying Animal Tracks And Poo!,Tue 04 Apr 2023,Tue 04 Apr,,2023-04-04,2023-04-04,April,"Margam Country Park, Margam, Port Talbot, SA13 2TJ ",Margam,Margam Country Park,SA13 2TJ,Neath Port Talbot,oth,Margam Country Park  Margam  Port Talbot  SA13 2TJ ,event,Family friendly session for Easter!,Margam Park,http://www.margamcountrypark.co.uk/,./static/images/margam_logo.png,57,06 Feb 2023 07:58
https://www.wmc.org.uk/en/whats-on/2023/jersey-boys,Jersey Boys,11 – 22 April 2023,Tue 11 Apr – Sat 22 Apr,,2023-04-11,2023-04-22,,"Wales Millennium Centre, Bute Place, Cardiff, CF10 5AL",Cardiff,Wales Millennium Centre,CF10 5AL,Cardiff,cff,Wales Millennium Centre  Bute Place  Cardiff  CF10 5AL,performance,"The internationally acclaimed stage sensation, Jersey Boys is working its way back to Wales Millennium Centre!This smash hit musical has won 65 major awards and has been seen by almost 30 million people worldwide.",Wales Millenium Centre,https://www.wmc.org.uk,./static/images/wmc_logo.png,64,06 Feb 2023 07:58
https://museum.wales//cardiff/whatson/10801/Botanical-Illustration/,Botanical Illustration,"22 April 2023, 10.30am-4pm",Sat 22 Apr,,2023-04-22,2023-04-22,,National Museum Cardiff,Cardiff,National Museum Cardiff,CF10 3NP,Cardiff,cff,National Museum Cardiff  Cardiff CF10 3NP,course,"Try your hand at the art of botanical illustration. Working under the guidance of artist Debbie Devauden, you'll learn the techniques required to create your own watercolour picture. Complete beginners welcome!",Museum Wales ,https://museum.wales/,./static/images/museum_wales_logo.png,75,06 Feb 2023 07:58
https://www.wmc.org.uk/en/whats-on/2023/the-bodyguard,The Bodyguard,24 – 29 April 2023,Mon 24 Apr – Sat 29 Apr,,2023-04-24,2023-04-29,,"Wales Millennium Centre, Bute Place, Cardiff, CF10 5AL",Cardiff,Wales Millennium Centre,CF10 5AL,Cardiff,cff,Wales Millennium Centre  Bute Place  Cardiff  CF10 5AL,performance,"The international, award-winning smash-hit musical The Bodyguard is back! Starring Pussycat Doll, and multi-platinum Grammy nominated Melody Thornton* as Rachel Marron and Ayden Callaghan (Emmerdale, Hollyoaks) as Frank Farmer.Former Secret Service agent turned bodyguard, Frank Farmer, is hired to protect superstar Rachel Marron from an unknown stalker. Each expects to be in charge – what they don't expect is to fall in love.",Wales Millenium Centre,https://www.wmc.org.uk,./static/images/wmc_logo.png,77,06 Feb 2023 07:58
https://www.wmc.org.uk/en/whats-on/2023/charlie-and-the-chocolate-factory,Charlie And The Chocolate Factory,3 – 20 May 2023,Wed 03 May – Sat 20 May,,2023-05-03,2023-05-20,May,"Wales Millennium Centre, Bute Place, Cardiff, CF10 5AL",Cardiff,Wales Millennium Centre,CF10 5AL,Cardiff,cff,Wales Millennium Centre  Bute Place  Cardiff  CF10 5AL,performance,"Roald Dahl's Charlie and The Chocolate Factory – The Musical, the devilishly delicious tale of young golden ticket winner Charlie Bucket and the mysterious confectionary wizard Willy Wonka, is coming to Wales Millennium Centre.Embarking on its first ever UK and Ireland tour, this dazzling new production of the successful West End and Broadway musical will take you to a world of pure imagination.When Charlie wins a golden ticket to the weird and wonderful Wonka Chocolate Factory, it's a chance of...",Wales Millenium Centre,https://www.wmc.org.uk,./static/images/wmc_logo.png,86,06 Feb 2023 07:58
https://museum.wales//stfagans/whatson/11835/St-Fagans-Ghost-Tours/,St Fagans Ghost Tours,4–5 &  25–26 May 2023,4 – 5 & 25 – 26 May,,2023-05-04,2023-05-26,,St Fagans National Museum of History,St. Fagans,St. Fagans,CF5 6XB,Cardiff,cff,St. Fagans  National Museum of History  Cardiff CF5 6XB,event,Explore St Fagans National Museum of History from a completely different angle.Hear true tales of gh...,Museum Wales ,https://museum.wales/,./static/images/museum_wales_logo.png,87,06 Feb 2023 07:58
https://www.wmc.org.uk/en/whats-on/2023/the-commitments,The Commitments,22 – 27 May 2023,Mon 22 May – Sat 27 May,,2023-05-22,2023-05-27,,"Wales Millennium Centre, Bute Place, Cardiff, CF10 5AL",Cardiff,Wales Millennium Centre,CF10 5AL,Cardiff,cff,Wales Millennium Centre  Bute Place  Cardiff  CF10 5AL,performance,"The Commitments is a fantastically feel good celebration of soul.Returning to tour the UK and Ireland, 5 years after a phenomenally successful, record-breaking run in London's West End subsequent sell-out tour, The Commitments is based on the BAFTA award-winning film classic.",Wales Millenium Centre,https://www.wmc.org.uk,./static/images/wmc_logo.png,105,06 Feb 2023 07:58
https://www.wmc.org.uk/en/whats-on/2023/the-ocean-at-the-end-of-the-lane,The Ocean At The End Of The Lane,30 May – 3 June 2023,Tue 30 May – Sat 03 Jun,,2023-05-30,2023-06-03,,"Wales Millennium Centre, Bute Place, Cardiff, CF10 5AL",Cardiff,Wales Millennium Centre,CF10 5AL,Cardiff,cff,Wales Millennium Centre  Bute Place  Cardiff  CF10 5AL,performance,"From the imagination of Neil Gaiman, best-selling author of Coraline, Good Omens and The Sandman, comes the National Theatre's major new stage adaptation of The Ocean at the End of the Lane.This thrilling adventure of fantasy, myth and friendship, is a five-star spectacular which blends magic with memory in a tour-de-force of storytelling that takes audiences on an epic journey to a childhood once forgotten and the darkness that lurks at the very edge of it.",Wales Millenium Centre,https://www.wmc.org.uk,./static/images/wmc_logo.png,113,06 Feb 2023 07:58
https://www.wmc.org.uk/en/whats-on/2023/spongebob,The Spongebob Musical,6 – 10 June 2023,Tue 06 Jun – Sat 10 Jun,,2023-06-06,2023-06-10,June,"Wales Millennium Centre, Bute Place, Cardiff, CF10 5AL",Cardiff,Wales Millennium Centre,CF10 5AL,Cardiff,cff,Wales Millennium Centre  Bute Place  Cardiff  CF10 5AL,performance,Who lives in a pineapple under the sea and has become the hottest star on Broadway? SpongeBob SquarePants!,Wales Millenium Centre,https://www.wmc.org.uk,./static/images/wmc_logo.png,120,06 Feb 2023 07:58
https://www.cardiffcastle.com/events/fisher/,Fisher,10                             Jun                             2023,Sat 10 Jun,,2023-06-10,2023-06-10,,"The Castle Green, Cardiff Castle, Castle Street, Cardiff, CF10 3RB",Cardiff,The Castle Green,CF10 3RB,Cardiff,cff,The Castle Green  Cardiff Castle  Castle Street  Cardiff  CF10 3RB,event,"Fisher is playing live at Cardiff Castle on Saturday 10 June 2023, tickets on general sale from Friday 27 January @ 10:00.",Cardiff Castle,https://www.cardiffcastle.com/ ,./static/images/cardiff_castle_logo.png,124,06 Feb 2023 07:58
https://www.cardiffcastle.com/events/blondie/,Blondie,16                             Jun                             2023,Fri 16 Jun,,2023-06-16,2023-06-16,,"The Castle Green, Cardiff Castle, Castle Street, Cardiff, CF10 3RB",Cardiff,The Castle Green,CF10 3RB,Cardiff,cff,The Castle Green  Cardiff Castle  Castle Street  Cardiff  CF10 3RB,event,"Blondie are playing live at Cardiff Castle on Fri 16 June 2023, tickets on sale from Fri 2 Dec @ 09:00. Presented by DEPOT Live.",Cardiff Castle,https://www.cardiffcastle.com/ ,./static/images/cardiff_castle_logo.png,130,06 Feb 2023 07:58
https://www.wmc.org.uk/en/whats-on/2023/welsh-national-opera-candide,Welsh National Opera: Candide,22 – 24 June 2023,Thu 22 Jun – Sat 24 Jun,,2023-06-22,2023-06-24,,"Wales Millennium Centre, Bute Place, Cardiff, CF10 5AL",Cardiff,Wales Millennium Centre,CF10 5AL,Cardiff,cff,Wales Millennium Centre  Bute Place  Cardiff  CF10 5AL,performance,"CandideBernsteinThe Best of all Possible WorldsLeonard Bernstein's Candide is a supercharged wild ride in which 18th-century France crashes into 20th-century post-war America. Take a seat and strap in tight for a mind-boggling journey as we hurtle through a fantastical world of chaos – from castles in the Alps to skyscrapers in Montevideo, from earthquakes in Lisbon to the Amazonian jungles beyond the Andes. With societies riven by inequality and families displaced by war today, the story remain...",Wales Millenium Centre,https://www.wmc.org.uk,./static/images/wmc_logo.png,136,06 Feb 2023 07:58
https://www.cardiffcastle.com/events/rag-n-bone-man/,Rag 'N' Bone Man,25                             Jun                             2023,Sun 25 Jun,,2023-06-25,2023-06-25,,"Cardiff Castle, Castle Street, Cardiff CF10 3RB",Cardiff,Cardiff Castle,CF10 3RB,Cardiff,cff,Cardiff Castle  Castle Street  Cardiff CF10 3RB,event,Triple BRIT Award winner Rag‘N'Bone Man has announced a huge headline show at Cardiff Castle on Sunday 25 June 2023.,Cardiff Castle,https://www.cardiffcastle.com/ ,./static/images/cardiff_castle_logo.png,139,06 Feb 2023 07:58
https://www.wmc.org.uk/en/whats-on/2023/greatest-days,Greatest Days,27 June – 1 July 2023,Tue 27 Jun – Sat 01 Jul,,2023-06-27,2023-07-01,,"Wales Millennium Centre, Bute Place, Cardiff, CF10 5AL",Cardiff,Wales Millennium Centre,CF10 5AL,Cardiff,cff,Wales Millennium Centre  Bute Place  Cardiff  CF10 5AL,performance,"Relight Your Fire with this sensational new production of Take That's smash hit musical Greatest Days.Greatest Days features more than 15 record-breaking Take That songs, alongside a heart-warming and hilarious story of love, loss and laughter from award-winning writer Tim Firth that will make your heart Shine.",Wales Millenium Centre,https://www.wmc.org.uk,./static/images/wmc_logo.png,141,06 Feb 2023 07:58
https://www.cardiffcastle.com/events/sting/,Sting,02                             Jul                             2023,Sun 02 Jul,,2023-07-02,2023-07-02,July,"The Castle Green, Cardiff Castle, Castle Street, Cardiff, CF10 3RB",Cardiff,The Castle Green,CF10 3RB,Cardiff,cff,The Castle Green  Cardiff Castle  Castle Street  Cardiff  CF10 3RB,event,"Sting is bringing his My Songs 2023 tour to Cardiff Castle, live on Sun 2 July 2023. Presented by DEPOT Live.",Cardiff Castle,https://www.cardiffcastle.com/ ,./static/images/cardiff_castle_logo.png,146,06 Feb 2023 07:58
https://www.wmc.org.uk/en/whats-on/2023/annie,Annie,3 – 8 July 2023,Mon 03 Jul – Sat 08 Jul,,2023-07-03,2023-07-08,,"Wales Millennium Centre, Bute Place, Cardiff, CF10 5AL",Cardiff,Wales Millennium Centre,CF10 5AL,Cardiff,cff,Wales Millennium Centre  Bute Place  Cardiff  CF10 5AL,performance,"The smash-hit production of Annie comes to Cardiff, direct from London's West End. This ‘glorious revival' (The Times) stars Strictly Come Dancing judge Craig Revel Horwood as the tyrannical Miss Hannigan!",Wales Millenium Centre,https://www.wmc.org.uk,./static/images/wmc_logo.png,147,06 Feb 2023 07:58
https://www.cardiffcastle.com/events/the-lumineers/,The Lumineers,07                             Jul                             2023,Fri 07 Jul,,2023-07-07,2023-07-07,,"The Castle Green, Cardiff Castle, Castle Street, Cardiff, CF10 3RB",Cardiff,The Castle Green,CF10 3RB,Cardiff,cff,The Castle Green  Cardiff Castle  Castle Street  Cardiff  CF10 3RB,event,"The Lumineers bring their Brightside World Tour to Cardiff Castle, live on Fri 7 July 2023. Presented by DEPOT Live.",Cardiff Castle,https://www.cardiffcastle.com/ ,./static/images/cardiff_castle_logo.png,151,06 Feb 2023 07:58
https://www.cardiffcastle.com/events/depot-in-the-castle-bastille/,Depot In The Castle - Bastille,08                             Jul                             2023,Sat 08 Jul,,2023-07-08,2023-07-08,,"Cardiff Castle, Castle Street, Cardiff CF10 3RB",Cardiff,Cardiff Castle,CF10 3RB,Cardiff,cff,Cardiff Castle  Castle Street  Cardiff CF10 3RB,event,%,Cardiff Castle,https://www.cardiffcastle.com/ ,./static/images/cardiff_castle_logo.png,152,06 Feb 2023 07:58
https://www.wmc.org.uk/en/whats-on/2023/winnie-the-pooh,Winnie The Pooh,3 – 5 August 2023,Thu 03 Aug – Sat 05 Aug,,2023-08-03,2023-08-05,August,"Wales Millennium Centre, Bute Place, Cardiff, CF10 5AL",Cardiff,Wales Millennium Centre,CF10 5AL,Cardiff,cff,Wales Millennium Centre  Bute Place  Cardiff  CF10 5AL,performance,"Disney's iconic Winnie the Pooh, Christopher Robin and their best friends Piglet, Eeyore, Kanga, Roo, Rabbit, and Owl (oh... and don't forget Tigger too!) have come to life in a beautifully crafted musical stage adaptation.",Wales Millenium Centre,https://www.wmc.org.uk,./static/images/wmc_logo.png,178,06 Feb 2023 07:58
https://www.wmc.org.uk/en/whats-on/2023/six,Six,8 – 12 August 2023,Tue 08 Aug – Sat 12 Aug,,2023-08-08,2023-08-12,,"Wales Millennium Centre, Bute Place, Cardiff, CF10 5AL",Cardiff,Wales Millennium Centre,CF10 5AL,Cardiff,cff,Wales Millennium Centre  Bute Place  Cardiff  CF10 5AL,performance,"The crowning glory of Broadway, the West End and beyond, the international smash hit musical Six makes its royal return to Cardiff, following its previous sell-out success!Winner of the 2022 Tony Award for ‘Best Original Score' and ‘Best Costume Design', the 2022 WhatsOnStage Award for ‘Best West End Show' and a Gold-Disk winning album, this sell-out Tudor take-off has ‘an incredibly strong and powerful message' (The Australian) and is ‘pure entertainment' (New York Times).",Wales Millenium Centre,https://www.wmc.org.uk,./static/images/wmc_logo.png,183,06 Feb 2023 07:58
https://www.wmc.org.uk/en/whats-on/2023/42nd-street,42Nd Street,14 – 19 August 2023,Mon 14 Aug – Sat 19 Aug,,2023-08-14,2023-08-19,,"Wales Millennium Centre, Bute Place, Cardiff, CF10 5AL",Cardiff,Wales Millennium Centre,CF10 5AL,Cardiff,cff,Wales Millennium Centre  Bute Place  Cardiff  CF10 5AL,performance,"It's big… it's bright… it's a brand-spanking new production of ‘the original showbiz musical,' 42nd Street!",Wales Millenium Centre,https://www.wmc.org.uk,./static/images/wmc_logo.png,189,06 Feb 2023 07:58
https://www.wmc.org.uk/en/whats-on/2023/heathers,Heathers The Musical,22 – 26 August 2023,Tue 22 Aug – Sat 26 Aug,,2023-08-22,2023-08-26,,"Wales Millennium Centre, Bute Place, Cardiff, CF10 5AL",Cardiff,Wales Millennium Centre,CF10 5AL,Cardiff,cff,Wales Millennium Centre  Bute Place  Cardiff  CF10 5AL,performance,"Greetings and salutations! Following two smash hit West End seasons, a record-breaking run at The Other Palace and winning the the WhatsOnStage award for Best New Musical, Heathers The Musical, the black comedy rock musical based on the eponymous 1988 film, embarks on a new national tour.",Wales Millenium Centre,https://www.wmc.org.uk,./static/images/wmc_logo.png,197,06 Feb 2023 07:58
https://www.visitthevale.com/events/walking-festival-2023,Walking Festival 2023,"September 5, 2023/September 10, 2023",Tue 05 Sep - Sun 10 Sep,,2023-09-05,2023-09-10,September,Multiple locations,VoG (multiple locations),Vale of Glamorgan,,Vale of Glamorgan,vog,Vale of Glamorgan,event,Save the date! The Walking Festival returns Tuesday 5th to Sunday 10th September 2023!,Visit the Vale,https://www.visitthevale.com,./static/images/visit_the_vale_logo.png,211,06 Feb 2023 07:58
https://www.wmc.org.uk/en/whats-on/2023/life-of-pi,Life Of Pi,17 – 21 October 2023,Tue 17 Oct – Sat 21 Oct,,2023-10-17,2023-10-21,October,"Wales Millennium Centre, Bute Place, Cardiff, CF10 5AL",Cardiff,Wales Millennium Centre,CF10 5AL,Cardiff,cff,Wales Millennium Centre  Bute Place  Cardiff  CF10 5AL,performance,Winner of every major play award including five Oliviers. The West End ‘theatrical phenomenon' (Telegraph) embarks on its biggest journey yet.,Wales Millenium Centre,https://www.wmc.org.uk,./static/images/wmc_logo.png,253,06 Feb 2023 07:58
https://museum.wales//cardiff/whatson/11808/Artes-Mundi-10/,Artes Mundi 10,20 October 2023 – 25 February 2024,Fri 20 Oct – Sun 25 Feb 2024,,2023-10-20,2024-02-25,,National Museum Cardiff,Cardiff,National Museum Cardiff,CF10 3NP,Cardiff,cff,National Museum Cardiff  Cardiff CF10 3NP,exhibition,The UK's leading biennial exhibition and international contemporary art prize returns to Natio...,Museum Wales ,https://museum.wales/,./static/images/museum_wales_logo.png,256,06 Feb 2023 07:58
https://www.wmc.org.uk/en/whats-on/2023/everybodys-talking-about-jamie,Everybody's Talking About Jamie,23 – 28 October 2023,Mon 23 Oct – Sat 28 Oct,,2023-10-23,2023-10-28,,"Wales Millennium Centre, Bute Place, Cardiff, CF10 5AL",Cardiff,Wales Millennium Centre,CF10 5AL,Cardiff,cff,Wales Millennium Centre  Bute Place  Cardiff  CF10 5AL,performance,"Following a record-breaking three-year West End residency, sold-out UK & Ireland Tour and Amazon studios award-winning film, the smash-hit and critically acclaimed musical Everybody's Talking About Jamie returns to Cardiff.Jamie New is sixteen and lives on a council estate in Sheffield. Jamie doesn't quite fit in. Jamie is terrified about the future. Jamie is going to be a sensation. Supported by his brilliant loving mum and surrounded by his friends, Jamie overcomes prejudice, beats the bullies...",Wales Millenium Centre,https://www.wmc.org.uk,./static/images/wmc_logo.png,259,06 Feb 2023 07:58
https://www.wmc.org.uk/en/whats-on/2023/james-martin,James Martin Live,29 October 2023,Sun 29 Oct,,2023-10-29,2023-10-29,,"Wales Millennium Centre, Bute Place, Cardiff, CF10 5AL",Cardiff,Wales Millennium Centre,CF10 5AL,Cardiff,cff,Wales Millennium Centre  Bute Place  Cardiff  CF10 5AL,performance,"Celebrity chef James Martin is turning up the heat with a brand-new tour for 2023.Following a sell-out 2022 tour James Martin Live will visit 20 towns and cities entertaining audiences with live demonstrations and cooking tasks.In 2022 more than 30,000 people came to see James pack out theatres and arenas across the UK. Mouth-watering dishes were rustled up with audiences delighting at James' ability to build the ‘biggest and best bacon and cheese butty', huge Yorkshire puddings and even his own...",Wales Millenium Centre,https://www.wmc.org.uk,./static/images/wmc_logo.png,265,06 Feb 2023 07:58
https://www.wmc.org.uk/en/whats-on/2023/sister-act-2023,Sister Act,13 – 18 November 2023,Mon 13 Nov – Sat 18 Nov,,2023-11-13,2023-11-18,November,"Wales Millennium Centre, Bute Place, Cardiff, CF10 5AL",Cardiff,Wales Millennium Centre,CF10 5AL,Cardiff,cff,Wales Millennium Centre  Bute Place  Cardiff  CF10 5AL,performance,Brace yourselves sisters – the habit is returning to Cardiff after a sell-out 2022 run!,Wales Millenium Centre,https://www.wmc.org.uk,./static/images/wmc_logo.png,280,06 Feb 2023 07:58
https://www.wmc.org.uk/en/whats-on/2023/shrek,Shrek The Musical,20 – 25 November 2023,Mon 20 Nov – Sat 25 Nov,,2023-11-20,2023-11-25,,"Wales Millennium Centre, Bute Place, Cardiff, CF10 5AL",Cardiff,Wales Millennium Centre,CF10 5AL,Cardiff,cff,Wales Millennium Centre  Bute Place  Cardiff  CF10 5AL,performance,"Join our unlikely hero Shrek and his noble steed Donkey as they embark on a big, bright, musical adventure!Based on the Oscar winning DreamWorks film, the Broadway and West End smash hit Shrek the Musical is a fun filled and hilarious musical comedy with a cast of vibrant characters and a ‘shrek-tackular' score.Featuring the beloved Princess Fiona, the evil Lord Farquaad, a host of magical fairy-tale characters and fabulous songs including the smash hit I'm a Believer, Shrek the Musical is a “mu...",Wales Millenium Centre,https://www.wmc.org.uk,./static/images/wmc_logo.png,287,06 Feb 2023 07:58
https://www.insolecourt.org/events/insole-court-community-choir-christmas-performance-the-wind-in-the-willows,Insole Court Community Choir Christmas Performance: 'The Wind In The Willows',"When: Thursday 22nd December, 7pm",Fri 22 Dec,,2023-12-22,2023-12-22,December,"Insole Court, Fairwater Road, Llandaff, Cardiff CF5 2LN ",Llandaff,Insole Court,CF5 2LN,Cardiff,cff,Insole Court  Fairwater Road  Llandaff  Cardiff CF5 2LN ,event,"The award-winning Insole Court Community Choir presents: ‘The Wind in the Willows' A choral work with words and music by Tim Riley and inspired by Kenneth Grahame's famous children's book of the same name. Join the award-winning Insole Court Community Choir as they perform a short choral work which introduces us to the world of the riverbank at the turn of the twentieth century. It is sure to leave children, young and old, wanting more and reaching for a copy of this iconic book.The evening will...",Insole Court,https://www.insolecourt.org/,./static/images/insole_court_logo.png,319,06 Feb 2023 07:58
https://www.wmc.org.uk/en/whats-on/2024/wicked,Wicked,24 October – 23 November 2024,Thu 24 Oct 2024 – Sat 23 Nov 2024,,2024-10-24,2024-11-23,October 2024,"Wales Millennium Centre, Bute Place, Cardiff, CF10 5AL",Cardiff,Wales Millennium Centre,CF10 5AL,Cardiff,cff,Wales Millennium Centre  Bute Place  Cardiff  CF10 5AL,performance,"“One of the most successful musicals of all time” (BBC News), Wicked has been casting its magical spell around the world for two decades.Based on the acclaimed novel by Gregory Maguire, Wicked imagines a beguiling backstory and future possibilities to the lives of L. Frank Baum's beloved characters from ‘The Wonderful Wizard of Oz' and reveals the decisions and events that shape the destinies of two unlikely university friends on their journey to becoming Glinda The Good and the Wicked Witch of ...",Wales Millenium Centre,https://www.wmc.org.uk,./static/images/wmc_logo.png,626,06 Feb 2023 07:58
https://museum.wales//cardiff/whatson/11365/Lilys-Fossil-Footprint/,Lily's Fossil Footprint,,"No date found, please see event details.",,date not found,date not found,date not found,National Museum Cardiff,Cardiff,National Museum Cardiff,CF10 3NP,Cardiff,cff,National Museum Cardiff  Cardiff CF10 3NP,exhibition,"When 4-year-old Lily Wilder went down to a beach in south Wales, she came across something roar-some...",Museum Wales ,https://museum.wales/,./static/images/museum_wales_logo.png,999,06 Feb 2023 07:58
https://museum.wales//whatson/digital/11321/Museum-Talks/,Museum Talks,,"No date found, please see event details.",,date not found,date not found,,Digital Event,Digital Event,Digital Event,Digital Event,Digital Event,oth,Digital Event,digital_event,"Here is your chance to find out more about National Museum Wales collections and the stories we have to tell. Learn from our experts as we share details on topics covering Art, Natural Sciences, Social and Cultural History and Archaeology.",Museum Wales ,https://museum.wales/,./static/images/museum_wales_logo.png,999,06 Feb 2023 07:58
https://museum.wales//cardiff/whatson/11565/Extra-Time-at-National-Museum-Cardiff/,Extra Time At National Museum Cardiff,"First Thursday of each month - click for all dates, Open until 9pm","No date found, please see event details.",,date not found,date not found,,National Museum Cardiff,Cardiff,National Museum Cardiff,CF10 3NP,Cardiff,cff,National Museum Cardiff  Cardiff CF10 3NP,event,"If you're wondering what to do on a Thursday night in Cardiff, visiting the museum is the perf...",Museum Wales ,https://museum.wales/,./static/images/museum_wales_logo.png,999,06 Feb 2023 07:58
https://museum.wales//swansea/whatson/11844/SoupCinema-/,Soup+Cinema,"Every Monday (until end March), 1-4pm","No date found, please see event details.",,date not found,date not found,,National Waterfront Museum,Swansea,National Waterfront Museum,SA1 3RD ,Swansea,swa,National Waterfront Museum  Oystermouth Rd  Maritime Quarter  Swansea SA1 3RD ,event,"Winter Warmer - Providing vital support during the coldest months Join us every Monday , 1...",Museum Wales ,https://museum.wales/,./static/images/museum_wales_logo.png,999,06 Feb 2023 07:58
https://www.eventbrite.co.uk/e/st-donats-castle-wedding-showcase-day-2023-tickets-511874178447,St Donat's Castle Wedding Showcase Day 2023,Multiple Dates ,Multiple Dates* ,check event for dates,date not found,date not found,,"UWC Atlantic College, Llantwit Major, CF61 1WF",St. Donats,St Donat's Castle,CF61 1WF,Vale of Glamorgan,vog,St Donat's Castle  St Donats  Llantwit Major CF61 1WF,event,Fall in love with the wedding venue of your dreams. Book to view St Donat's Castle and speak to our team of experienced wedding coordinators,UWC Atlantic College,https://www.uwcatlanticexperience.com/ ,./static/images/uwc_logo.png,999,06 Feb 2023 07:58
https://www.insolecourt.org/events/monthly-plant-sale,Cardiff Plant Fairs,When: Sundays 10am-2pm,Multiple Dates* ,check event for dates,date not found,date not found,,"Insole Court, Fairwater Road, Llandaff, Cardiff CF5 2LN ",Llandaff,Insole Court,CF5 2LN,Cardiff,cff,Insole Court  Fairwater Road  Llandaff  Cardiff CF5 2LN ,event,"Calling all plant fanatics of Cardiff! Did you know Cardiff Council host a plant sale on various Sundays of each month at Insole Court, in conjunction with Cardiff Plant Fairs?",Insole Court,https://www.insolecourt.org/,./static/images/insole_court_logo.png,999,06 Feb 2023 07:58
